"estimate","se","ci_lower","ci_upper","true_beta","scenario"
0.187084180652844,0.450745769021506,-1.95396967475593,1.80055911111835,0.5,13
-0.137569375115864,0.53637174966661,-1.74465323958971,2.2474505553449,0.5,13
0.990363827161105,0.953408837761054,-2.15363038163851,3.09527270093349,0.5,13
0.783496807755211,1.08900841242913,-1.57869359319242,4.7540316236233,0.5,13
0.322039164916214,0.652847142754345,-1.43659143262744,2.91489118880256,0.5,13
0.870999134980454,0.699692411310384,-2.40756612528659,3.29436358250423,0.5,13
-0.0647733021493028,0.923246845467546,-6.33065086338196,6.47213603295585,0.5,13
NA,NA,NA,NA,0.5,13
-0.473264890219229,1.03704817406386,-6.43629261515792,1.43844080189601,0.5,13
0.707823911593577,0.894727917923273,-2.19234479511275,3.30548961718162,0.5,13
0.812983311074369,0.829268406428019,-1.69739062119498,3.76581063449526,0.5,13
0.724200121419724,0.765435617609741,-3.47216381795616,7.89326520579542,0.5,13
-1.6963297167719,1.84317925129319,-10.3563082673649,1.8803524580608,0.5,13
1.411745185204,0.991364254667444,-13.6398161774293,18.1339018079288,0.5,13
0.912001971976352,0.723927413377627,-6.06478442090411,9.13151135531382,0.5,13
-1.22558873714215,1.17089912981452,-8.0750637481925,5.27950445780953,0.5,13
0.0964618766157562,0.380589426766053,-1.44596418060862,1.05060582245731,0.5,13
0.651746598131409,1.01039488211888,-3.44700902124711,3.85985057006111,0.5,13
-0.869957211319392,0.684512270526326,-2.9378469873095,1.36655713934616,0.5,13
-0.331935159465426,1.48953767955105,-6.99684286805021,2.61453304931607,0.5,13
0.115506582398625,0.566768449804062,-2.36731537391282,1.96082090472422,0.5,13
1.36491980842969,0.707729339459356,-1.32651707703028,4.55148670145973,0.5,13
0.737279249111084,0.728396137048847,-1.61504339155549,2.43735309226185,0.5,13
0.479674836675887,0.655537270969189,-5.11605048830631,5.5730969035715,0.5,13
-3.26400780125438,1.84179961243427,-43.6440669397727,35.1096033711155,0.5,13
0.386105431132365,1.07743293490631,-3.01650476554175,4.24480725081596,0.5,13
-0.429108056426095,0.888797469093482,-3.96112683239244,1.28424707421503,0.5,13
0.447422664439251,0.670113817575901,-3.51346626910144,4.03405679642154,0.5,13
1.83498147081485,0.903594593275092,-1.80615476982858,5.68477438248166,0.5,13
0.626786535242295,0.67653083055719,-3.53056581515584,2.40472416922466,0.5,13
-0.913946886664636,1.47717059456207,-10.0832554300907,13.7225880619241,0.5,13
-0.831053200196106,0.858987888491051,-3.94855126926751,2.64892118315134,0.5,13
0.364418207346431,1.18122733814111,-1.89458152029467,4.43008017728175,0.5,13
0.372319143010236,0.920945029212983,-3.64250890791226,2.44274718977346,0.5,13
1.15707242397395,1.00642845789184,-1.11030201142097,5.81758087065881,0.5,13
0.812309624965872,0.553389102514673,-0.955066048074517,3.11428179960079,0.5,13
0.160208273853225,1.05278544424398,-7.89740081955867,2.88018561965868,0.5,13
0.199775979800604,0.781199061926562,-2.62503353112648,3.96384876921045,0.5,13
0.62983251252961,0.482073504412961,-0.95846423608013,2.43054748609281,0.5,13
2.25835404223823,1.38667144610099,-1.98462855005084,7.90367942026046,0.5,13
1.14425023674867,0.478114409345248,-0.539322261376903,2.73444370278737,0.5,13
-0.512485121150824,0.887146343748628,-3.98074052987177,2.68407234928023,0.5,13
-0.444327677524166,0.753226419791096,-2.88278237578012,1.80705157738907,0.5,13
-0.319603751413606,0.755143235740723,-3.54578804279944,1.63174731885534,0.5,13
-0.14036090402479,1.0286534768442,-5.31874251167027,9.30430641840849,0.5,13
1.18485805416942,0.958535333970376,-4.63330558378215,3.6871621801372,0.5,13
-1.50182217123907,0.929297223524072,-5.94198845247532,0.301160951588175,0.5,13
0.694146626817354,0.791548490425931,-0.963727931121932,3.58513760195248,0.5,13
-0.227894409750858,0.542994056102382,-2.34024520008808,0.883476236099041,0.5,13
-0.257865340064406,0.531146221237971,-3.16046248426915,0.993957238734793,0.5,13
-0.149324528217056,0.792047563135352,-2.44834416898148,1.69659862554067,0.5,13
1.38373726422809,0.797398380202351,-1.17340296032003,4.25251473830818,0.5,13
2.08998961741835,1.50316332922466,-1.63721492620913,13.1504663798049,0.5,13
1.12539672894898,0.832598644562134,-0.976532480033825,3.90296237795132,0.5,13
-0.170265828235831,0.57631396739841,-1.73500366403427,1.51413593905595,0.5,13
-0.188849064374825,0.605179104587456,-8.46896484281777,6.15076800635189,0.5,13
0.314367824158628,0.634129119856844,-1.70228034455289,3.21575820932151,0.5,13
1.56863169063087,0.798303696569881,-0.544407841289932,4.10997587876388,0.5,13
0.500579993307473,0.977968151367505,-2.13954387206109,2.81137645706654,0.5,13
0.0182918926463037,1.21839617111786,-4.29668455053793,6.64995042421184,0.5,13
1.15945507384278,0.549852533319915,-0.719450367266713,2.73932881848754,0.5,13
-0.380865892449816,0.638972636416205,-2.20229455389165,1.44117721028545,0.5,13
3.06655677444449,1.17572344227447,-17.4557694526015,20.1863538239365,0.5,13
-0.521445516349501,1.07539423614243,-3.35344271478338,2.34940238680012,0.5,13
1.7249451141523,0.982343508909012,-0.520415937560387,4.67395109772865,0.5,13
-0.0849723549547556,0.964201738788088,-3.4510972372,2.31240505236661,0.5,13
0.487189673610785,0.506869035015694,-2.67826349543315,2.18201395923078,0.5,13
0.637668012799955,0.572167556085431,-1.02768066502512,2.46656411202056,0.5,13
0.473192166447342,0.731033673584683,-2.51235426781723,3.04143120400542,0.5,13
1.11331931777687,0.660072316725537,-0.683422828212098,3.21865418479244,0.5,13
0.0524886095581787,0.515908199131438,-1.43182404715557,1.8273349585691,0.5,13
0.815716892691506,0.508290032511343,-1.94109278730691,1.7445683983019,0.5,13
0.95500346989678,0.67275108496018,-12.0648247349254,8.82686634909351,0.5,13
0.607817149715465,0.43826123740117,-0.43179148297038,2.23001275906823,0.5,13
2.42233383082162,1.9077101536521,-0.906738175038268,28.8187395781964,0.5,13
-0.869710674150966,1.47762214710544,-8.19477922600619,1.95844621137735,0.5,13
1.24244008413002,0.636232821541098,-0.609710429561758,8.02811771094263,0.5,13
0.80616448629786,1.1599620164549,-1.74504622944489,5.63933152946312,0.5,13
-2.41171206159799,2.19777703115305,-16.4961631391128,16.88535276225,0.5,13
0.384153538982501,0.825848182890667,-1.01443933680439,4.67571277203217,0.5,13
-0.867775914212703,1.17045612817813,-12.3872245226384,4.61204270851504,0.5,13
0.0714147679861904,0.965410535960116,-2.03628693166733,3.42412314414334,0.5,13
1.32966338527982,0.76173416809397,-1.59678575573184,3.59691717609565,0.5,13
0.566014426516164,0.338512930253762,-1.27063279250344,2.93797178447778,0.5,13
0.900299804346437,1.06366271184841,-1.26257071906314,4.8913606015058,0.5,13
2.14474583051234,1.15965725780966,-6.62952056537221,11.8897217715015,0.5,13
1.41926320888639,0.808398232532212,-1.8319453566353,4.37699659065866,0.5,13
-0.493229800051614,0.645966618667195,-2.45419421409673,0.863849392601816,0.5,13
0.160253776080704,0.685746190214161,-1.88911397263836,2.51279542701238,0.5,13
1.16561021445565,0.450035299510606,-0.489554202730737,2.64601363863584,0.5,13
0.109723178525345,0.671824591749244,-1.34620231298435,2.24960717775968,0.5,13
1.43392577863635,0.5530782166467,-1.00112928430881,6.75194131134546,0.5,13
NA,NA,NA,NA,0.5,13
0.673849286403518,0.430461938954709,-2.40123977166426,4.93264646853508,0.5,13
1.55548876764111,0.990625819394355,-1.31222623508785,3.96061139563902,0.5,13
1.14552606304224,0.935244257758939,-2.53299559298986,3.58113436225656,0.5,13
0.0502209652961077,1.10472948899376,-6.86608785798193,2.68152482543031,0.5,13
0.233259758117249,0.727855834536384,-1.85374460085998,2.6271641778952,0.5,13
0.115493038497514,0.457000255545708,-1.68018950044273,1.37609852485935,0.5,13
0.294380889530843,1.12989649844401,-2.36154895459542,3.15875970969299,0.5,13
-0.0265256212921488,0.229453794411157,-1.03068829629766,0.821122023615285,0.5,13
-2.96315399811953,1.54066836013196,-10.2700736632009,-0.527774824225133,0.5,13
2.2587507414242,0.795497299592754,-1.68618138136927,5.62157597648718,0.5,13
0.160631196332226,0.45560862019209,-1.23389960984816,2.02282291571845,0.5,13
-0.32940757116437,0.467627090679015,-3.30914093718545,2.02207432589905,0.5,13
0.854706186104099,0.960076980781553,-0.849224404833574,5.87960195168701,0.5,13
1.00042417500248,0.749950673321558,-0.521389992754765,3.19933956527851,0.5,13
1.18910154361784,0.765137093521164,-1.56939553265444,3.63393122953637,0.5,13
1.22729544941983,0.621366900422359,-1.12826759977875,3.6863303794617,0.5,13
-0.699535685882997,0.959680228132528,-6.88488554643888,7.99326276743615,0.5,13
-0.535479479768226,1.36068009332475,-6.5669460076329,2.20446410847494,0.5,13
0.0394463985559042,0.604650108274274,-2.43557817464817,1.7666352383748,0.5,13
0.450405706589908,0.91370760778892,-2.13158937322382,4.78255368910822,0.5,13
0.998957878708409,0.992388941302977,-1.83630588411719,3.10490342421065,0.5,13
0.320572330575441,0.355207857893814,-0.663518789341128,1.40090780888888,0.5,13
1.15787687427705,0.253845400263825,0.202293967144138,1.99377744013792,0.5,13
0.656510661337872,0.91634216436277,-3.79469121097607,3.74897390416556,0.5,13
0.64058426578852,0.898302850844366,-0.916915236112721,5.72908794025429,0.5,13
2.05999028952477,1.04120200271509,-0.960815712218466,6.24777770956786,0.5,13
0.277063810348582,0.541163316721606,-2.07243018017992,2.24491028765628,0.5,13
0.773991398808673,1.29565928871632,-2.17911503396589,4.39213831444772,0.5,13
0.361744638184887,0.834807816755021,-2.13869957936841,3.23031041363135,0.5,13
-0.310046143316492,0.411546812932005,-1.35848935885807,1.49067919988978,0.5,13
0.77520202092119,0.57666396216958,-2.39504330567769,3.06217870921613,0.5,13
-0.33197963337952,1.64172439937602,-7.7271891104608,2.80029961893656,0.5,13
-0.0882113451176517,1.12024715847887,-2.91392161898099,2.91732253603028,0.5,13
0.525117101398988,1.15812132619013,-3.53302329777777,3.04791594736082,0.5,13
-0.210968476047103,0.47223950881292,-1.58076802340713,1.37842157637359,0.5,13
0.227724882483657,0.705434149318982,-2.76626012200664,2.32745503504743,0.5,13
1.13411712225883,0.785263036138001,-1.15571670029223,3.37501900045819,0.5,13
0.854804113415982,1.08305034675016,-1.09650554065615,6.09695086258333,0.5,13
-0.964627155310032,0.662856062701879,-5.49800765412005,1.60736354597543,0.5,13
0.735304476985741,1.24474112028131,-2.29822937412021,4.78278909510156,0.5,13
-0.378457883458853,0.994046516015298,-8.43257102906811,14.9359485175017,0.5,13
-0.507210464609177,0.706263039481165,-2.14969543406119,1.58405897378259,0.5,13
0.25326650774712,0.937790419481613,-8.46753110662802,15.1663100402206,0.5,13
0.41853900312644,0.374336928128829,-0.897916776519588,1.62546395022459,0.5,13
-1.65122333619425,1.43358339845857,-13.3668502728563,16.486263971271,0.5,13
0.0717401005557696,0.625881950560455,-2.13205509892147,1.70365244859427,0.5,13
0.839572869332589,0.742147559424604,-1.4730480699455,3.28967753636931,0.5,13
-0.650975160053747,0.836905802009495,-5.03788078709534,0.860555564968057,0.5,13
0.865420336061288,1.29090065675393,-6.50438940282211,6.29177285638016,0.5,13
-0.23387985406271,0.816952469117947,-3.92938392720887,1.65790272932343,0.5,13
1.90118907343081,0.865609560768885,-1.66142331067963,6.63724776686349,0.5,13
0.487905546763524,0.727183089747015,-1.94253380709311,3.74383416790754,0.5,13
-0.951045525900087,0.811019524009653,-4.76380947032932,1.013610994828,0.5,13
0.198539505853344,0.738820503006197,-2.11525892816314,1.86069752387848,0.5,13
-0.145654617640189,0.590546039439203,-3.28693749050353,2.65034495223405,0.5,13
0.668955581024072,0.83345085799094,-1.73083153662499,3.88047246466535,0.5,13
2.30066911604751,0.759258164720742,0.194530615110371,4.47586821923979,0.5,13
0.991212019512896,0.9589208959977,-5.08997676612195,5.54968323166483,0.5,13
0.277315162360235,1.72369089840385,-4.19720447190059,10.9175291765038,0.5,13
1.46384713167523,0.725687534706353,-0.148658178655084,4.86101055956498,0.5,13
1.34039652545663,1.66178912615412,-2.02475540505194,7.24354122556977,0.5,13
1.38901141289392,0.506812580683129,-0.00378096424958585,2.85054337139365,0.5,13
1.28691039300797,0.761021887010022,-2.66295356019896,4.2730442509877,0.5,13
1.20525421186855,0.823176616192367,-2.51269935897045,2.99799405367462,0.5,13
-0.037191147623538,0.576184669010716,-2.38356466425572,1.31082904784425,0.5,13
-0.591715862990618,0.555189850067881,-2.60921894749155,0.624003590580219,0.5,13
-0.245812169221779,0.90790137018578,-3.46777158283306,1.60147412265532,0.5,13
-0.848945696548169,1.07312946848708,-6.16343891626724,1.43777838804054,0.5,13
-0.233197811034572,0.364172875511441,-1.90924919162173,0.879927269133963,0.5,13
0.576967461909676,0.483545560099569,-1.15583792210376,1.82645124989312,0.5,13
0.561438142515541,0.499302430293633,-1.10828276065376,1.92139808928202,0.5,13
0.622306875485727,0.993879091494502,-8.43369703586346,8.19852552785481,0.5,13
0.431997537004755,0.791466439764899,-2.56710250992457,2.70030464274464,0.5,13
1.5691258184885,0.771475729581635,-1.84252463155834,4.62562344626124,0.5,13
-0.627195002126401,1.12390459399439,-8.35065245759808,1.1756860592503,0.5,13
-0.68336627602293,0.669299080794701,-3.33931780959555,3.23042282131929,0.5,13
-0.161273675048459,1.02751722472309,-6.2697603775931,3.45721172117295,0.5,13
-0.0717151762499777,0.52818675404486,-5.33431685339609,1.76457707378875,0.5,13
0.300080245598683,0.874351860961071,-4.5396254383708,4.99105163102203,0.5,13
0.943727006810273,0.610617239215424,-2.31297164706343,2.15807528522732,0.5,13
-0.690709074438066,0.433797122077516,-2.00778132026725,0.326291436336734,0.5,13
0.0665716412871485,0.198071938778105,-0.42930793545509,0.73134003869588,0.5,13
1.11803632560559,0.601470476452137,-0.262899524621788,3.77707789802647,0.5,13
1.26473259955032,1.37545048862709,-1.53637422189414,9.7074156363034,0.5,13
0.180993921125199,0.410687297187614,-0.858390203727425,2.2076348519627,0.5,13
0.860566006092462,0.465924341068307,-0.183389628477967,3.02180332985311,0.5,13
1.20459029523202,0.377074610106815,-0.834185744422411,2.01486056231125,0.5,13
-1.48160489012571,1.08845518861278,-7.10331797403738,1.09220087821647,0.5,13
0.803011342014011,1.85868439842656,-4.16865562514156,8.2412736845929,0.5,13
0.360482130140872,0.761192102247603,-1.29821839175386,2.82353131945775,0.5,13
0.526311182351657,0.644887187248383,-3.92078421834215,2.87613744712497,0.5,13
1.28606475911549,0.694110529715097,-1.12807125582723,3.60093626462671,0.5,13
-1.6410409730948,1.81984540160734,-16.0497333198813,1.77847685820072,0.5,13
0.935531812074397,0.616543994874791,-0.3672086018824,3.07057397974936,0.5,13
1.40935363844822,0.932978703137533,-1.82493354307817,5.11166342370459,0.5,13
0.651746598131409,1.01039488211888,-3.44700902124711,3.85985057006111,0.5,13
-1.78813393647259,1.69223849955243,-11.0049020928817,1.61177539731229,0.5,13
0.00428272851494666,0.514991339338398,-1.59912785745598,1.49277752014131,0.5,13
0.712055326223404,0.932388817543301,-1.98230216414648,3.42511320017565,0.5,13
0.447395401820798,0.680347279613334,-4.00706369540076,7.07819423467703,0.5,13
0.286300782860903,0.919493187647011,-4.17220609805846,6.62791684056062,0.5,13
0.000209158468656562,0.966041905366654,-3.51329850469663,2.92808971802988,0.5,13
0.512758656711296,0.7293835320449,-3.51323033240263,2.31470835838225,0.5,13
-0.481573707769597,0.528412696599397,-2.7266255786664,1.01084941392403,0.5,13
0.243324906776639,0.364832309087113,-1.36975280653844,1.47294387535589,0.5,13
-0.393559263143313,0.828733698230091,-3.85089067432387,1.60349721025748,0.5,13
-0.115698629640894,1.34357486960596,-7.89315060507081,12.1463650854128,0.5,13
-0.149109917513093,0.433090043988482,-1.17838069216649,1.68467151111669,0.5,13
0.476764567055835,0.514139081512503,-0.691076998738963,1.84491964163124,0.5,13
0.967065527116015,0.466079250762692,-0.516852536363128,2.27225948274002,0.5,13
0.0947615210681002,0.879586738443878,-4.95219406947966,3.18253767603759,0.5,13
1.91649086008011,0.81568829240371,-0.609137380276559,4.28782915819201,0.5,13
1.27671978092935,0.675512200837076,-1.92766615960339,2.3720885921465,0.5,13
1.30529656941518,0.681297596453292,-5.11599432323685,2.83180632997623,0.5,13
-1.06994211522075,0.477076086305222,-4.52970068847867,-0.0608757960791091,0.5,13
-0.535999637701021,1.97422535913464,-13.0464345148424,3.59564424986596,0.5,13
1.74404705196095,1.25702795906698,-2.09642136337249,5.04842661157353,0.5,13
2.45464863882475,1.04281317230515,0.205952437742136,6.04165893085927,0.5,13
0.628707130223545,0.514458061846835,-1.16420655933484,2.58206008573997,0.5,13
1.98551554517241,1.08906996577478,-7.96361600946326,10.4311006098388,0.5,13
-0.485497674158024,1.02572253000528,-5.27787508679347,2.5824144966456,0.5,13
0.632993266397065,0.944454494046007,-5.05093176045608,5.07314368793249,0.5,13
-5.12767154111289,0.974577391734182,-6.65825530360418,0.590941850269864,0.5,13
0.330794535521338,0.580600471411212,-1.52987458196283,1.97608448999211,0.5,13
0.337235108449013,0.607583595503061,-5.32967667978032,7.03896502089645,0.5,13
0.675116473964437,0.508188290452787,-1.1211407276717,2.80805668336614,0.5,13
-0.0759777270809931,0.391981173776382,-1.59759993192281,0.998020617193685,0.5,13
0.41569630600683,0.528307680243204,-1.2158442877207,1.50126922840966,0.5,13
0.545753436932766,1.44502640189305,-3.80652116559591,4.11448321123,0.5,13
0.142809125792849,0.53114344851492,-1.94833497400408,2.45964783509257,0.5,13
0.229052155604136,0.606642343569796,-2.55738899316207,1.70062058864492,0.5,13
1.5629596363951,1.35160733056411,-1.4836912151174,9.46870253550682,0.5,13
0.740800189846235,1.41702965158042,-2.22074340829365,12.203663206141,0.5,13
-0.418829039420701,0.428503732846697,-2.38856530088139,0.834487630730694,0.5,13
0.623841019664726,0.674641252064464,-1.88848713906961,3.31918261260364,0.5,13
0.958866989047825,0.677537377375561,-1.0828448133159,2.49573385946194,0.5,13
-0.524301845398906,1.38991848650351,-8.71346135607635,2.03608480684307,0.5,13
0.218160555510731,1.6624340841832,-9.81165135957829,2.80001729427888,0.5,13
-0.292215215456042,0.640420627207158,-1.96567901118652,1.18235903355692,0.5,13
0.13946913805757,0.61312625608913,-2.63961384040548,2.08195947413164,0.5,13
-1.21475423750006,0.642578053482015,-4.02105239187865,2.23442941904966,0.5,13
1.27906546789271,0.867813778682613,-3.83751024546813,6.18371344418615,0.5,13
1.57255593677581,0.543386042938973,-0.996516993113535,4.20094661581727,0.5,13
-0.945971789705059,1.15897424636861,-8.53926419559587,1.61902240370034,0.5,13
-1.00666197363237,0.85793658051954,-3.28570881236338,7.62083857142203,0.5,13
0.0488795371406878,0.853027936728996,-3.5564195140191,2.14604486280649,0.5,13
1.68238188759956,0.620663985185473,-0.272237865163927,4.33488512067808,0.5,13
1.44214120803474,0.717456263539755,-1.68157151595694,4.101520058418,0.5,13
2.02720729290278,1.51573978599386,-3.31966344301657,9.79748102331886,0.5,13
-1.11093790925265,0.650254204871953,-3.26386342722682,0.539518853016694,0.5,13
1.55310978415678,0.486156765513624,-0.0906967253314233,3.70163606422682,0.5,13
0.237838396603673,0.467548847934956,-1.84914976125314,1.66533724459595,0.5,13
0.626786535242295,0.67653083055719,-3.53056581515584,2.40472416922466,0.5,13
0.196349692355806,0.619764343418623,-2.717468586083,2.77405829021916,0.5,13
4.72605733973563,2.30623459303055,-2.8243480804136,38.6760860437148,0.5,13
-0.582564908500059,1.03517338982446,-4.80564313772366,2.28692510652549,0.5,13
1.5290687579414,0.745403871700899,0.0483351319489453,6.89732944275821,0.5,13
1.10839866097395,0.556541208756176,-0.497462592998018,4.92077160807552,0.5,13
1.58407732403314,1.29445318166282,-10.3809736393247,9.3286561929101,0.5,13
1.20539277674406,0.551451866369207,-0.201018107069329,2.6643257995003,0.5,13
0.281669583539675,0.657219660229162,-1.27888190075168,2.64947354782253,0.5,13
0.017739437593924,0.739376170869283,-2.38101495872696,2.74426501694505,0.5,13
0.189277788340022,0.341898202406854,-0.692963503975163,1.74838238156514,0.5,13
0.36424429439004,0.618955686897859,-6.93311262621601,1.41047395161863,0.5,13
0.127623355130874,0.454200741272651,-2.00867724167285,1.77742359970424,0.5,13
-0.527995051208679,0.538751635573827,-3.12526571479361,0.567224519330334,0.5,13
-0.882667712669513,1.94159154821256,-7.0856872320578,2.94686607301314,0.5,13
0.421461141578246,0.593848985995511,-1.36910075294323,2.7012955902975,0.5,13
0.212719284072305,0.814478655329532,-2.6028021674612,2.55620220118952,0.5,13
-0.255079076527426,0.837762406847321,-5.22149800729642,1.38846402089831,0.5,13
1.06720515747354,1.03952010695888,-2.40974416144079,5.96397511376004,0.5,13
0.44855375822408,0.44264990571913,-0.992203956353809,2.51785419412717,0.5,13
0.0378843603929166,0.760405855149128,-3.06184090375726,1.68555354058239,0.5,13
-0.876630406725797,1.38538897560427,-10.6769363703567,1.61023074108611,0.5,13
1.0609803003889,0.797941909205781,-1.51318055321669,3.46737552145532,0.5,13
0.458224668515957,0.54320803233214,-1.00298366273878,4.8098175101269,0.5,13
-1.21475423750006,0.642578053482015,-4.02105239187865,2.23442941904966,0.5,13
0.0252918613250499,0.597534542854388,-1.66408245726224,1.72671652619798,0.5,13
-0.310039728646681,0.662874263924843,-1.98058679924293,1.4865988406344,0.5,13
1.33067606747689,0.524608655845333,-1.19351830146747,3.82218638376191,0.5,13
0.74372490439475,0.968511094997385,-2.39493359939151,5.35169818783235,0.5,13
0.497440307645974,0.788314006340702,-1.86555296060828,3.75610920037296,0.5,13
-0.0263910264116396,0.938658102726307,-2.19631572706469,2.68095788905524,0.5,13
0.34962251138912,0.404104830858514,-1.29609363772629,1.42205951176958,0.5,13
-0.352404601055168,0.793455415999027,-3.124949388579,1.99110255498794,0.5,13
2.2925703306731,0.739945943142702,0.793457759758838,4.74644872556958,0.5,13
0.281166166420939,0.735271705542846,-1.74686065109857,3.0271032625786,0.5,13
1.05514157850757,0.659931690440993,-6.18408346507664,7.7316550083341,0.5,13
1.99376495687419,1.52529818808551,-0.750645079641001,11.0552214240707,0.5,13
-0.0809034892302523,0.717098531206175,-2.40384426187468,1.95652670900999,0.5,13
0.864354829242508,0.770681514087888,-1.14109275602517,4.06648922725597,0.5,13
-0.315196020468253,0.582532949149263,-3.30082837593642,2.0563257492102,0.5,13
-0.759285680886867,0.648537336764109,-2.66850272349542,0.948083720254029,0.5,13
0.134121159201367,0.643425177724001,-2.11829069639836,2.43333084740388,0.5,13
0.635815870770682,0.69163033589346,-1.11071930690396,2.87814199371612,0.5,13
1.17944275639877,0.598260630400403,-0.541023341347921,3.46940559851687,0.5,13
-0.235533057204238,1.61789750759128,-4.7811524250153,3.88401858181363,0.5,13
0.555196439707183,0.450733723313809,-1.37592728735728,3.22173297613092,0.5,13
2.08460112989711,0.502516525478283,0.871122947933519,4.59077512117789,0.5,13
-0.242357221320389,0.734303507178346,-3.69304697402209,4.10972811518023,0.5,13
-0.117171174720982,0.752104986891942,-1.47158934447551,7.53742678716325,0.5,13
-1.32304739631568,0.968330603478616,-7.18073432637877,3.40599927991283,0.5,13
1.77839116433915,0.540675207349279,0.440438874195209,3.51330048010291,0.5,13
0.8913897612159,0.410248546853463,-0.496211968782842,2.14740747710687,0.5,13
-0.0250218736443978,0.926650887776978,-2.22802578688845,2.41669730844463,0.5,13
0.0731068941878061,0.761361916492744,-1.90048142723569,3.29739623960962,0.5,13
0.291691856822678,0.838251942449608,-2.67987999091797,2.32519744324286,0.5,13
3.71762916533956,1.65409265757105,-21.478752758171,29.0105934568034,0.5,13
-0.267152126955855,1.14946366848078,-7.20712820335996,1.9168568125662,0.5,13
-0.199153421285156,0.787946464195128,-10.6351681236859,14.0787839526457,0.5,13
4.1675398582488,1.68771795822447,-12.5436651784039,19.7434491497693,0.5,13
0.892661965661738,0.56480182285851,-2.58053546013115,2.74034798079581,0.5,13
0.475236585823883,0.236545787369463,-0.201062092579996,1.73869389022306,0.5,13
0.647352973185716,0.989292099164505,-2.79974536939911,8.98783776692345,0.5,13
0.659723949768776,0.732518834492994,-2.79571129302909,2.6578499622018,0.5,13
0.841299607453885,0.957021511317734,-2.52739836884266,3.085141336923,0.5,13
0.533786934317858,0.550394805175944,-0.577615908664929,2.36610450824089,0.5,13
0.243964697333391,0.706888173158723,-2.50180054743219,2.99911707043698,0.5,13
1.02705630194011,0.475692571732662,-0.234330077904243,2.27699116377143,0.5,13
0.0911558201314002,0.84945602174555,-2.43046509071126,2.2282873119152,0.5,13
0.7210105593131,0.788003076570373,-3.99017063680009,2.43874557245317,0.5,13
1.07629135033142,0.624521670179186,-0.777655162829223,2.8315469961793,0.5,13
0.751636209292942,0.518201924231877,-1.73528065702993,1.79943282757843,0.5,13
0.430046773274068,0.541968924404924,-1.41435828975345,1.64520411077983,0.5,13
-0.169306711664573,0.768761915087449,-2.69041823820038,1.78127051602618,0.5,13
0.36364749564062,0.628274424048117,-2.46135960735037,2.4818881814496,0.5,13
-2.74811997393392,1.24630269196793,-8.1222007420216,0.465212391970371,0.5,13
0.469164898157148,1.02445165834984,-1.47858285759027,7.80723212776407,0.5,13
1.49750672864322,1.20025283089444,-1.15225654459136,5.82521354668496,0.5,13
1.49213249467456,0.412543025466141,-0.675856007111957,3.56541469911018,0.5,13
-0.204781640543935,0.652962783144698,-2.17547805579386,1.44519358949948,0.5,13
0.103747224995073,0.630639200066329,-2.42953733577406,1.91499261195008,0.5,13
0.501662475156466,1.2623995218715,-4.11433392239348,3.27769820251119,0.5,13
0.642299614441373,0.876947287464018,-1.69349887424797,3.07959261715399,0.5,13
0.985154380696072,0.275354506359694,-0.108394927145791,2.02760917452904,0.5,13
-0.545879385369192,0.543505642401243,-6.68643560460331,3.06281910370729,0.5,13
0.354184217334681,0.744302594284625,-3.92417356608082,3.18055357699061,0.5,13
0.804694630632102,0.80814250463698,-1.93151406439,6.51635627709322,0.5,13
0.612546773082111,1.16729039520657,-8.20868015287521,3.56050352255679,0.5,13
0.994386519780627,1.99179655634566,-2.59083934037776,10.7148605581254,0.5,13
-0.119432420168638,1.49373575588718,-4.07934385505486,3.65611689176506,0.5,13
1.07585691179709,0.512871545065973,-0.0556523682563748,2.84180014224328,0.5,13
-0.388407468461106,0.622172242227161,-5.69039936411671,2.42615024580209,0.5,13
-0.0599798573011684,0.695142125991959,-2.16574905416693,2.29313303331116,0.5,13
0.670917926375117,0.694693742098838,-4.42637373962328,4.18249090462922,0.5,13
-0.878668039578683,1.05088284562541,-7.08521129882008,1.56336689323626,0.5,13
1.32476976889543,0.479643724782745,-0.0268621526473494,2.67669964670122,0.5,13
-0.191504699622338,1.38600749904224,-3.79030048526469,4.54823995878401,0.5,13
0.0225986872896511,0.671599268060707,-2.72599947591753,4.57552406408781,0.5,13
-0.673776867780878,1.0427026539449,-16.8584344349936,6.02681464961977,0.5,13
1.02143081065643,0.599969466979081,-1.19827317901582,3.12639447150993,0.5,13
-1.22966816029497,0.852465492621678,-5.64723204363844,0.590469207749831,0.5,13
0.947672723347957,0.686266451653552,-0.205112458864843,2.95544513401549,0.5,13
2.84684407398875,1.34892009111032,-2.22757299348855,4.89291952206041,0.5,13
0.564413527072235,0.557524534934279,-0.85954548774922,2.34530616880671,0.5,13
0.758413176755175,0.871643101273994,-5.4244600137451,5.00208027755241,0.5,13
0.307831797899962,0.799900984187054,-1.82438488421774,3.88327555270381,0.5,13
1.07960803689937,0.343424791450677,0.069163645528838,2.37473443240715,0.5,13
0.921633478116849,0.451747766781308,-0.259181073506512,2.28495847994298,0.5,13
-0.360643563335312,0.554181166024003,-5.3781122841146,5.34794630160649,0.5,13
0.462634105424964,0.868566816682236,-2.30108392498682,2.89199462470283,0.5,13
-0.519935371678305,0.837260975917836,-4.14958179757642,1.35711740131386,0.5,13
-1.21677312844514,1.03853411345024,-7.97790153978697,6.14106345938741,0.5,13
-2.94310258118094,1.9124695457188,-24.7145490016769,12.8371742178799,0.5,13
0.378390660622039,0.49663305550968,-0.716716701587337,2.27923029348246,0.5,13
0.66001130764737,0.31828401607578,-0.582706400688494,2.4073471755418,0.5,13
1.26413778949237,0.939729965351497,-3.6383003579398,3.43699700640594,0.5,13
0.434019760155077,0.905102860395503,-1.77512580909621,4.47558950302898,0.5,13
1.50671266410771,1.65430325977262,-9.09785192104726,22.3563272302295,0.5,13
-0.198917032211283,0.803199119627349,-3.67991137201465,1.4873333951539,0.5,13
0.933682554979229,0.729807165629255,-1.30665101984986,2.88824328058734,0.5,13
0.354576605498757,0.398531088820914,-0.899516263062266,1.4279679625939,0.5,13
0.836679577234818,0.774046345205657,-2.48020810327499,4.01897739184881,0.5,13
1.39726241968813,1.43799631854877,-6.98174173223789,8.92585846673981,0.5,13
1.20977783291583,2.11950528131166,-2.3127131597078,12.4911569528872,0.5,13
0.10602896584036,0.589048571729488,-1.30162360369407,2.57271511586755,0.5,13
0.30226418556517,0.532884227450557,-1.2544808809249,1.69178363044058,0.5,13
0.494545122057779,0.549266027232982,-0.710961523133117,2.30694856779386,0.5,13
0.568253666059932,0.54385328707374,-1.35062457391327,2.17959028953195,0.5,13
0.944373777929256,0.835167486701739,-2.17367016860488,4.09197254468122,0.5,13
1.99928632944427,0.444401544679348,0.640815786781633,3.06099590102577,0.5,13
0.176954038518428,0.858471600368117,-2.59398497976714,2.79902671728744,0.5,13
0.810966986578799,0.9061949161879,-2.14485422853841,2.78712146164867,0.5,13
0.221596586221069,1.16409419188407,-13.5300081684609,2.09468547988853,0.5,13
0.348932119881772,0.538802896209324,-1.08755046865146,2.00385093078109,0.5,13
-0.255509237471782,1.1042053917597,-8.41260931682467,1.58476900322145,0.5,13
-0.0320909387586687,0.455962263290619,-1.10635250707942,1.68693983751294,0.5,13
0.846723539970576,0.762810836669338,-1.09215664431635,2.73559917445805,0.5,13
1.04790071169255,0.511453037414409,-0.139697557793874,2.56735648499709,0.5,13
-0.436695934574249,0.603446066601778,-2.34481311077958,1.35735445036528,0.5,13
0.550745471478328,0.35071223689136,-0.509690993857347,1.8200740133481,0.5,13
0.231081012647129,0.444016295397384,-1.01184512670208,1.76335935832043,0.5,13
0.637103275422044,0.488644259553359,-1.27737121200535,1.72209504559796,0.5,13
1.45208385623183,0.95774626000694,-2.20254970584073,7.65171422829309,0.5,13
0.6053850329442,0.631146534586148,-1.00963404212155,2.74989497717799,0.5,13
-0.154729149095424,0.439174075250613,-1.22763768788957,1.24855494112684,0.5,13
-0.204241300328413,0.727948908643857,-1.82140763831197,3.16386600132186,0.5,13
-0.264454316112764,0.491662996077209,-2.49417412395379,1.35500118269367,0.5,13
0.348244361048767,0.973273975971209,-1.79334816465183,3.76866310646602,0.5,13
0.723981806061472,0.786607858762522,-1.6918735331312,2.52885619706541,0.5,13
1.4746035869488,0.715560511089491,-2.29502418144491,3.70673703191372,0.5,13
-0.442072263063348,0.532279655235655,-2.20686628316549,1.37751781684661,0.5,13
-0.670630991733479,0.657541205411181,-2.74699252465357,2.37464307245875,0.5,13
0.321582553402733,0.447204086356515,-1.96207637055356,2.69714429449572,0.5,13
0.358331617547549,1.0556321532357,-10.2358288225806,5.16335120985957,0.5,13
0.282891355429973,0.440681863204464,-1.10088309168482,1.92890745480857,0.5,13
0.699708256144945,0.63515525655021,-1.37263560913603,2.88421413539025,0.5,13
-0.0988073630666594,0.833638969418806,-1.96021296184084,2.71145298253029,0.5,13
0.160618144550538,0.556972333692847,-1.53225214409395,1.49415292454737,0.5,13
-1.34048460690962,1.4191480624804,-4.42818793767531,5.0700493787306,0.5,13
0.62983251252961,0.482073504412961,-0.95846423608013,2.43054748609281,0.5,13
0.662260291112164,0.666348941810694,-1.20222473801804,5.86267978055178,0.5,13
1.17790384995098,0.669641593714582,-0.519633352433301,3.69866096814486,0.5,13
0.226807047696364,0.813371681439344,-1.71812467216512,2.57084152361823,0.5,13
1.79675740565427,0.961591368123336,-2.26331687927559,4.29098056044123,0.5,13
1.18856212058408,0.948966456810631,-1.48432020793006,4.04613730196855,0.5,13
1.16065831395067,0.811605132544529,-3.18246304055232,7.18802975927304,0.5,13
0.359802082998222,0.479880756848176,-2.33150990239388,2.22196981986234,0.5,13
0.645596889900916,0.868742420347421,-8.43827096573702,6.12347377651349,0.5,13
-0.27581548405898,0.554355210835228,-4.78729778308766,3.29268109368043,0.5,13
-0.42866147196385,1.04417384884677,-6.2472577215147,1.33450797017987,0.5,13
0.238917039180195,0.690089135507361,-3.4132914699149,2.80344870612817,0.5,13
-0.893375064996545,0.55682539181586,-3.26697784966716,0.317056918994956,0.5,13
1.39052040448221,0.943515960185474,-2.35407588645688,4.43240574478969,0.5,13
0.758413176755175,0.871643101273994,-5.4244600137451,5.00208027755241,0.5,13
0.620125791893666,0.391180747189137,-0.389475543509662,2.00510412286565,0.5,13
0.403948614052444,0.54046169193968,-1.9438067600597,1.59991393425138,0.5,13
0.245047371287874,1.55232695506623,-8.49979842930368,2.90034896764696,0.5,13
0.589320811731955,0.324957711600686,-0.623970519322367,1.25020671676154,0.5,13
0.0512583084994212,0.571131265352468,-1.42607681611892,1.91017450808391,0.5,13
0.380756580436644,0.776038668572314,-1.61125713826919,2.69316438127264,0.5,13
-0.0557497246831107,1.30481895261069,-24.3892556644915,7.81465260235783,0.5,13
0.746526966093118,0.865249040163957,-1.76885907913481,2.96878513398936,0.5,13
0.510039797884716,0.930345802594421,-1.60039348533233,3.19519929300252,0.5,13
0.843336751136955,0.446787256808904,-0.0209747744489903,2.65554295724738,0.5,13
1.28791509397568,0.919541895728899,-1.41559535888035,4.24180558710133,0.5,13
0.208500504303022,0.527008478523582,-1.86306957145217,1.81905155565283,0.5,13
-0.191156053540636,0.787937645914897,-3.70336909786182,1.57529308909217,0.5,13
0.446218866522992,1.08418287190351,-3.42281898418089,6.18975607698508,0.5,13
-0.236734704445678,0.583109595603128,-1.76618465146059,1.07988448176787,0.5,13
2.34102610596447,1.18364678305824,-0.194999185778563,14.244657863514,0.5,13
0.985400103730928,0.355016202959843,-0.382318647431547,2.05999303919377,0.5,13
0.785330734414423,0.869315748922299,-1.29934468007639,3.55751350673439,0.5,13
1.5454766480863,0.639359121744154,-0.800112902491076,3.7824551835933,0.5,13
0.330120705564985,0.419780298755277,-1.36655927454038,1.16103847566743,0.5,13
0.959332436070872,0.82018762182821,-1.04447712053195,3.98558849793672,0.5,13
1.25465986678723,0.568894023792316,0.247217855116108,3.7967307538483,0.5,13
0.468218248749768,0.914639026398981,-2.90109356690466,3.61453366497726,0.5,13
0.535462249568111,0.346130512618611,-1.95767582697689,2.2997300661265,0.5,13
-0.61431043437933,0.625958664135672,-2.24194732555305,2.17528811777392,0.5,13
0.34839095645679,0.412894783898547,-0.975287319711873,1.40270947550585,0.5,13
1.03314519881575,0.550631841157716,-0.601629563514325,3.54262699220398,0.5,13
-0.210968476047103,0.47223950881292,-1.58076802340713,1.37842157637359,0.5,13
0.977470624775938,0.469628944211358,-0.302733822178196,4.14739023538945,0.5,13
-0.223963700121239,1.33572548838571,-7.81761181542542,28.813975482613,0.5,13
-0.50717488285178,0.787266869218868,-3.56265091738433,1.21817365090739,0.5,13
0.673376509695726,0.655212862837939,-0.666445305166674,3.23867237581984,0.5,13
1.04706300555118,0.405577849416889,0.176649461461472,2.68009615583852,0.5,13
0.0238510528979611,0.52591484344465,-1.68331463003112,1.38027064092601,0.5,13
-1.52695426354959,1.2193022784327,-10.3193326753477,1.44888310131186,0.5,13
-0.767212246196782,0.940752329356671,-3.68547227943143,1.67665916146961,0.5,13
1.02778604088633,1.11948818282019,-7.03453227596616,3.90112987499387,0.5,13
-0.206999197623958,0.811768242178415,-3.15710908823763,1.49060642127698,0.5,13
0.988051748930766,0.893085538525432,-15.7328587765215,17.5384978850394,0.5,13
-0.329567851134442,0.810125456641089,-2.91208228342668,1.84931940647654,0.5,13
0.223901304360049,0.558876334606135,-2.57988504576395,2.93679418675142,0.5,13
0.333561907453972,0.720666345998035,-3.53108360067151,4.87577989524306,0.5,13
-0.137935529255963,2.44819340097809,-12.7833269711798,5.62401598808236,0.5,13
0.00660931327193907,0.361971697819875,-1.50703424139215,0.719884352988123,0.5,13
-1.01979174751543,1.17022835588471,-5.31210124117935,4.9057884160085,0.5,13
0.215511896471593,0.852401891487029,-2.6980510761222,3.01668918694754,0.5,13
-0.57792280920761,0.66263194593142,-3.56236337543018,0.681498913407197,0.5,13
0.870207116347833,0.559806169716324,-0.728411726712856,2.17682514124856,0.5,13
0.90927098834308,0.564269235464269,-2.01013316595297,2.50449213427112,0.5,13
1.19178579063128,0.681320953783945,-0.618722345237765,3.40414051057769,0.5,13
-0.530074288592433,0.865089048268613,-5.02679405398551,1.43598857210158,0.5,13
0.676517765079543,0.917178833044344,-0.917994761037519,4.83203185678926,0.5,13
0.118775082068028,0.732758081207694,-1.56639984785319,1.93835269562253,0.5,13
0.0696172799254842,0.689391380531004,-2.68865266644998,2.24864974259011,0.5,13
0.703516018916833,0.74152422921909,-1.51572081394163,3.50068461629803,0.5,13
-0.298471988764659,1.41129741394461,-7.75829608515085,2.83710912585568,0.5,13
-0.633253131541108,0.663973266844144,-10.9637632015583,4.67415602233633,0.5,13
